<?xml version="1.0" encoding="UTF-8" standalone="yes"?>
<addon id="plugin.video.blinken_lights_toggle" name="Blinken Lights Toggle" version="1.1" provider-name="Humdinger">
    <requires>
		<import addon="xbmc.python" version="2.14.0"/>
	</requires>
	<extension point="xbmc.python.pluginsource" library="addon.py">
		<provides>video</provides>
	</extension>
	<extension point="xbmc.addon.metadata">
		<platform>all</platform>
		<summary lang="en">Blinken Lights Toggle</summary>
		<description lang="en">Toggle you Hyperion ambilights on/off.</description>
		<license>MIT</license>
		<language></language>
		<forum></forum>
		<source></source>
		<email></email>
	</extension>
</addon>
